{
    "iat_mean": 0.008663358110370058,
    "iat_std": 0.022882511310225426,
    "size_mean": 869.52,
    "size_std": 643.2041119271548,
    "common_sizes": [
        54,
        66,
        74,
        82,
        85
    ],
    "timestamp": 1771655286.926864
}